filename,prediction
face_6130.png,4
face_6131.png,4
face_6132.png,1
face_6133.png,2
face_6134.png,1
face_6135.png,4
face_6136.png,2
face_6137.png,1
face_6139.png,1
face_6140.png,4
face_6141.png,4
face_6142.png,4
face_6143.png,1
face_6144.png,5
face_6145.png,4
face_6146.png,4
face_6147.png,1
face_6148.png,4
face_6149.png,2
face_6150.png,5
face_6151.png,4
face_6152.png,1
face_6153.png,4
face_6154.png,4
face_6155.png,4
face_6157.png,4
face_6158.png,4
face_6159.png,1
face_6160.png,4
face_6161.png,2
face_6164.png,4
face_6165.png,4
face_6166.png,4
face_6167.png,1
face_6168.png,1
face_6169.png,4
face_6170.png,4
face_6171.png,4
face_6172.png,5
face_6173.png,1
face_6174.png,4
face_6175.png,4
face_6176.png,2
face_6177.png,4
face_6178.png,4
face_6179.png,4
face_6180.png,2
face_6181.png,2
face_6182.png,2
face_6183.png,5
face_6185.png,4
face_6186.png,4
face_6187.png,2
face_6188.png,1
face_6189.png,4
face_6190.png,5
face_6191.png,4
face_6192.png,1
face_6193.png,4
face_6194.png,4
face_6195.png,1
face_6196.png,2
face_6197.png,4
face_6198.png,1
face_6199.png,4
face_6200.png,4
face_6201.png,4
face_6203.png,1
face_6204.png,0
face_6205.png,2
face_6206.png,4
face_6207.png,4
face_6208.png,5
face_6209.png,4
face_6211.png,4
face_6212.png,1
face_6213.png,1
face_6214.png,4
face_6215.png,4
face_6216.png,1
face_6218.png,0
face_6219.png,1
face_6220.png,1
face_6221.png,1
face_6222.png,5
face_6223.png,4
face_6224.png,1
face_6225.png,1
face_6226.png,1
face_6227.png,4
face_6228.png,4
face_6229.png,4
face_6230.png,4
face_6231.png,4
face_6232.png,1
face_6233.png,0
face_6234.png,4
face_6235.png,0
face_6236.png,1
face_6237.png,2
face_6238.png,4
face_6239.png,1
face_6240.png,1
face_6241.png,5
face_6242.png,4
face_6243.png,4
face_6244.png,4
face_6245.png,4
face_6246.png,1
face_6247.png,1
face_6248.png,5
face_6249.png,1
face_6250.png,2
face_6252.png,4
face_6253.png,4
face_6254.png,4
face_6255.png,1
face_6256.png,4
face_6257.png,2
face_6258.png,4
face_6259.png,4
face_6260.png,4
face_6261.png,1
face_6262.png,1
face_6263.png,4
face_6264.png,1
face_6265.png,1
face_6267.png,2
face_6268.png,1
face_6269.png,4
face_6270.png,4
face_6271.png,4
face_6272.png,4
face_6273.png,4
face_6274.png,2
face_6275.png,5
face_6277.png,1
face_6278.png,4
face_6279.png,4
face_6280.png,5
face_6282.png,1
face_6283.png,2
face_6284.png,1
face_6285.png,4
face_6286.png,4
face_6287.png,4
face_6288.png,4
face_6289.png,1
face_6290.png,1
face_6291.png,4
face_6292.png,4
face_6293.png,1
face_6294.png,4
face_6295.png,2
face_6296.png,1
face_6297.png,1
face_6298.png,1
face_6300.png,4
face_6301.png,2
face_6302.png,4
face_6303.png,2
face_6304.png,2
face_6305.png,1
face_6306.png,4
face_6307.png,2
face_6308.png,2
face_6309.png,2
face_6310.png,4
face_6311.png,4
face_6312.png,2
face_6313.png,2
face_6314.png,4
face_6315.png,4
face_6316.png,2
face_6317.png,4
face_6318.png,4
face_6319.png,4
face_6320.png,4
face_6321.png,4
face_6322.png,2
face_6324.png,4
face_6325.png,4
face_6326.png,4
face_6327.png,5
face_6328.png,1
face_6329.png,1
face_6330.png,5
face_6331.png,4
face_6332.png,4
face_6333.png,4
face_6335.png,2
face_6336.png,4
face_6337.png,1
face_6338.png,1
face_6339.png,2
face_6340.png,4
face_6341.png,4
face_6342.png,5
face_6344.png,4
face_6345.png,4
face_6346.png,4
face_6347.png,4
face_6348.png,4
face_6349.png,4
face_6350.png,1
face_6351.png,4
face_6352.png,2
face_6353.png,5
face_6354.png,4
face_6355.png,4
face_6356.png,4
face_6357.png,1
face_6358.png,4
face_6359.png,4
face_6360.png,4
face_6361.png,4
face_6362.png,4
face_6363.png,4
face_6364.png,2
face_6365.png,4
face_6366.png,2
face_6367.png,4
face_6368.png,4
face_6369.png,5
face_6370.png,4
face_6372.png,4
face_6373.png,4
face_6374.png,4
face_6375.png,4
face_6376.png,5
face_6377.png,1
face_6378.png,4
face_6379.png,2
face_6380.png,1
face_6381.png,1
face_6382.png,4
face_6384.png,1
face_6385.png,1
face_6386.png,4
face_6387.png,4
face_6388.png,4
face_6389.png,2
face_6390.png,2
face_6391.png,2
face_6392.png,4
face_6393.png,1
face_6394.png,1
face_6395.png,4
face_6396.png,2
face_6397.png,4
face_6398.png,4
face_6400.png,4
face_6401.png,2
face_6402.png,2
face_6403.png,1
face_6404.png,5
face_6405.png,4
face_6409.png,1
face_6410.png,1
face_6411.png,1
face_6412.png,4
face_6414.png,1
face_6415.png,5
face_6416.png,4
face_6417.png,1
face_6418.png,1
face_6419.png,4
face_6420.png,1
face_6421.png,1
face_6422.png,1
face_6423.png,4
face_6425.png,1
face_6426.png,2
face_6427.png,1
face_6428.png,4
face_6429.png,1
face_6430.png,4
face_6431.png,5
face_6432.png,4
face_6433.png,1
face_6434.png,4
face_6435.png,4
face_6436.png,4
face_6437.png,2
face_6438.png,4
face_6439.png,4
face_6440.png,2
face_6441.png,4
face_6442.png,4
face_6444.png,4
face_6445.png,1
face_6446.png,1
face_6447.png,1
face_6448.png,1
face_6449.png,2
face_6450.png,1
face_6451.png,4
face_6452.png,1
face_6453.png,4
face_6454.png,4
face_6455.png,1
face_6456.png,4
face_6457.png,4
face_6458.png,1
face_6459.png,4
face_6460.png,4
face_6461.png,2
face_6462.png,4
face_6463.png,4
face_6464.png,4
face_6465.png,1
face_6466.png,2
face_6467.png,4
face_6468.png,5
face_6469.png,4
face_6470.png,1
face_6471.png,1
face_6472.png,4
face_6473.png,1
face_6475.png,1
face_6476.png,4
face_6477.png,4
face_6478.png,1
face_6479.png,4
face_6480.png,4
face_6481.png,1
face_6482.png,4
face_6483.png,4
face_6484.png,4
face_6487.png,4
face_6488.png,4
face_6489.png,1
face_6490.png,1
face_6491.png,4
face_6492.png,4
face_6493.png,4
face_6494.png,4
face_6495.png,1
face_6496.png,4
face_6497.png,4
face_6498.png,1
face_6499.png,5
face_6500.png,4
face_6502.png,2
face_6503.png,4
face_6504.png,1
face_6505.png,1
face_6507.png,4
face_6509.png,4
face_6510.png,4
face_6511.png,1
face_6512.png,4
face_6513.png,1
face_6514.png,4
face_6516.png,4
face_6517.png,2
face_6518.png,4
face_6519.png,4
face_6520.png,2
face_6522.png,1
face_6523.png,0
face_6525.png,4
face_6526.png,1
face_6527.png,1
face_6528.png,4
face_6530.png,4
face_6531.png,2
face_6532.png,4
face_6533.png,4
face_6535.png,1
face_6536.png,4
face_6537.png,4
face_6538.png,4
face_6539.png,1
face_6540.png,4
face_6541.png,4
face_6542.png,4
face_6543.png,1
face_6544.png,1
face_6545.png,1
face_6546.png,4
face_6547.png,4
face_6548.png,1
face_6549.png,4
face_6550.png,4
face_6551.png,1
face_6552.png,4
face_6553.png,5
face_6554.png,2
face_6555.png,4
face_6556.png,4
face_6558.png,1
face_6559.png,4
face_6560.png,2
face_6561.png,4
face_6562.png,1
face_6563.png,5
face_6564.png,4
face_6565.png,4
face_6566.png,2
face_6567.png,4
face_6568.png,2
face_6569.png,5
face_6570.png,5
face_6571.png,4
face_6572.png,1
face_6573.png,1
face_6574.png,1
face_6575.png,2
face_6576.png,1
face_6577.png,4
face_6578.png,1
face_6579.png,4
face_6581.png,4
face_6582.png,4
face_6583.png,1
face_6584.png,4
face_6585.png,4
face_6586.png,4
face_6587.png,2
face_6588.png,1
face_6589.png,5
face_6591.png,5
face_6593.png,1
face_6594.png,5
face_6595.png,4
face_6596.png,1
face_6597.png,4
face_6598.png,1
face_6599.png,4
face_6600.png,2
face_6601.png,1
face_6602.png,4
face_6603.png,5
face_6604.png,4
face_6605.png,1
face_6606.png,4
face_6607.png,1
face_6608.png,4
face_6609.png,1
face_6610.png,1
face_6611.png,4
face_6612.png,1
face_6613.png,1
face_6614.png,5
face_6615.png,5
face_6616.png,4
face_6617.png,4
face_6618.png,1
face_6619.png,2
face_6620.png,4
face_6621.png,2
face_6622.png,1
face_6624.png,2
face_6625.png,4
face_6626.png,4
face_6627.png,5
face_6628.png,5
face_6629.png,1
face_6630.png,1
face_6631.png,4
face_6632.png,4
face_6633.png,1
face_6634.png,4
face_6635.png,1
face_6637.png,1
face_6638.png,4
face_6639.png,4
face_6640.png,4
face_6641.png,2
face_6642.png,4
face_6643.png,1
face_6644.png,5
face_6645.png,1
face_6646.png,1
face_6647.png,0
face_6648.png,4
face_6649.png,0
face_6650.png,4
face_6652.png,4
face_6653.png,1
face_6654.png,2
face_6655.png,4
face_6656.png,4
face_6657.png,1
face_6658.png,4
face_6659.png,4
face_6660.png,4
face_6661.png,0
face_6662.png,4
face_6663.png,1
face_6664.png,4
face_6665.png,4
face_6667.png,1
face_6668.png,1
face_6669.png,1
face_6670.png,1
face_6671.png,4
face_6672.png,4
face_6673.png,1
face_6674.png,4
face_6675.png,4
face_6676.png,4
face_6677.png,4
face_6678.png,4
face_6679.png,4
face_6680.png,4
face_6682.png,4
face_6683.png,4
face_6684.png,5
face_6685.png,1
face_6686.png,4
face_6687.png,4
face_6688.png,1
face_6689.png,4
face_6690.png,4
face_6691.png,4
face_6692.png,1
face_6693.png,4
face_6694.png,4
face_6695.png,5
face_6696.png,1
face_6697.png,4
face_6698.png,1
face_6699.png,4
face_6700.png,2
face_6701.png,1
face_6702.png,5
face_6703.png,1
face_6704.png,4
face_6705.png,1
face_6707.png,4
face_6708.png,1
face_6709.png,4
face_6711.png,4
face_6712.png,4
face_6713.png,2
face_6714.png,1
face_6715.png,1
face_6716.png,2
face_6717.png,4
face_6718.png,4
face_6719.png,4
face_6721.png,1
face_6722.png,4
face_6723.png,4
face_6724.png,2
face_6725.png,4
face_6726.png,4
face_6727.png,4
face_6728.png,4
face_6729.png,1
face_6730.png,4
face_6732.png,4
face_6733.png,1
face_6734.png,4
face_6735.png,4
face_6736.png,5
face_6737.png,4
face_6739.png,4
face_6740.png,1
face_6742.png,1
face_6743.png,4
face_6744.png,2
face_6745.png,4
face_6746.png,4
face_6747.png,4
face_6748.png,1
face_6750.png,2
face_6751.png,4
face_6752.png,5
face_6754.png,4
face_6755.png,1
face_6756.png,2
face_6757.png,5
face_6759.png,1
face_6760.png,1
face_6761.png,1
face_6762.png,4
face_6763.png,4
face_6764.png,4
face_6765.png,1
face_6766.png,1
face_6767.png,4
face_6768.png,2
face_6769.png,4
face_6770.png,4
face_6771.png,4
face_6772.png,4
face_6773.png,1
face_6774.png,4
face_6775.png,5
face_6776.png,1
face_6777.png,1
face_6778.png,4
face_6779.png,4
face_6780.png,1
face_6781.png,5
face_6782.png,4
face_6783.png,4
face_6784.png,2
face_6785.png,2
face_6786.png,4
face_6787.png,2
face_6788.png,4
face_6789.png,1
face_6790.png,4
face_6791.png,4
face_6792.png,2
face_6793.png,4
face_6794.png,4
face_6795.png,1
face_6796.png,2
face_6797.png,1
face_6798.png,2
face_6799.png,4
face_6800.png,4
face_6802.png,4
face_6803.png,1
face_6804.png,4
face_6805.png,4
face_6806.png,4
face_6807.png,4
face_6808.png,1
face_6809.png,4
face_6810.png,4
face_6811.png,4
face_6812.png,4
face_6813.png,1
face_6814.png,4
face_6815.png,4
face_6816.png,4
face_6817.png,4
face_6818.png,1
face_6819.png,2
face_6820.png,1
face_6821.png,4
face_6822.png,5
face_6823.png,1
face_6824.png,1
face_6825.png,1
face_6826.png,1
face_6827.png,5
face_6828.png,4
face_6829.png,4
face_6830.png,2
face_6831.png,4
face_6832.png,4
face_6833.png,4
face_6834.png,1
face_6835.png,4
face_6836.png,4
face_6837.png,4
face_6838.png,4
face_6839.png,4
face_6840.png,4
face_6841.png,4
face_6842.png,4
face_6843.png,4
face_6844.png,5
face_6845.png,4
face_6846.png,4
face_6847.png,4
face_6848.png,4
face_6849.png,4
face_6850.png,1
face_6851.png,1
face_6852.png,1
face_6853.png,4
face_6854.png,4
face_6855.png,4
face_6856.png,1
face_6857.png,4
face_6858.png,1
face_6859.png,0
face_6860.png,4
face_6861.png,5
face_6862.png,1
face_6863.png,1
face_6864.png,1
face_6865.png,1
face_6866.png,1
face_6867.png,4
face_6868.png,4
face_6869.png,4
face_6870.png,1
face_6871.png,2
face_6872.png,4
face_6873.png,1
face_6874.png,1
face_6875.png,0
face_6876.png,1
face_6877.png,4
face_6878.png,0
face_6879.png,0
face_6880.png,4
face_6881.png,4
face_6882.png,2
face_6883.png,4
face_6884.png,1
face_6886.png,1
face_6887.png,1
face_6888.png,1
face_6890.png,4
face_6891.png,4
face_6893.png,4
face_6894.png,4
face_6895.png,4
face_6896.png,4
face_6897.png,2
face_6898.png,4
face_6899.png,4
face_6900.png,2
face_6901.png,1
face_6902.png,4
face_6903.png,4
face_6904.png,4
face_6905.png,5
face_6906.png,4
face_6907.png,4
face_6908.png,1
face_6910.png,1
face_6911.png,4
face_6912.png,4
face_6913.png,4
face_6914.png,2
face_6915.png,4
face_6916.png,4
face_6917.png,5
face_6918.png,1
face_6919.png,4
face_6920.png,4
face_6921.png,1
face_6922.png,1
face_6923.png,2
face_6924.png,1
face_6925.png,1
face_6926.png,4
face_6927.png,4
face_6928.png,1
face_6929.png,0
face_6930.png,4
face_6931.png,1
face_6932.png,1
face_6933.png,4
face_6934.png,1
face_6935.png,1
face_6937.png,1
face_6938.png,1
face_6939.png,4
face_6941.png,4
face_6942.png,1
face_6943.png,1
face_6945.png,4
face_6946.png,1
face_6947.png,4
face_6948.png,1
face_6949.png,4
face_6950.png,4
face_6951.png,1
face_6952.png,4
face_6953.png,4
face_6954.png,4
face_6955.png,4
face_6957.png,4
face_6958.png,4
face_6959.png,4
face_6960.png,4
face_6961.png,1
face_6962.png,1
face_6963.png,4
face_6964.png,1
face_6965.png,4
face_6966.png,4
face_6967.png,1
face_6968.png,4
face_6969.png,4
face_6970.png,1
face_6971.png,4
face_6972.png,2
face_6973.png,4
face_6974.png,1
face_6975.png,1
face_6976.png,2
face_6977.png,4
face_6978.png,4
face_6979.png,1
face_6980.png,4
face_6981.png,1
face_6982.png,4
face_6983.png,4
face_6984.png,1
face_6985.png,2
face_6986.png,1
face_6987.png,4
face_6988.png,1
face_6989.png,2
face_6990.png,4
face_6991.png,4
face_6992.png,4
face_6993.png,4
face_6994.png,1
face_6995.png,5
face_6996.png,4
face_6997.png,4
face_6998.png,2
face_7000.png,4
face_7001.png,2
face_7002.png,4
face_7003.png,4
face_7004.png,4
face_7005.png,4
face_7006.png,4
face_7007.png,5
face_7008.png,4
face_7009.png,1
face_7010.png,1
face_7011.png,2
face_7012.png,1
face_7013.png,4
face_7014.png,1
face_7015.png,2
face_7016.png,1
face_7017.png,1
face_7018.png,4
face_7019.png,4
face_7020.png,4
face_7021.png,4
face_7022.png,1
face_7023.png,1
face_7024.png,4
face_7026.png,4
face_7027.png,2
face_7028.png,1
face_7029.png,1
face_7030.png,4
face_7031.png,1
face_7032.png,4
face_7033.png,4
face_7034.png,0
face_7035.png,4
face_7036.png,4
face_7037.png,5
face_7038.png,5
face_7039.png,4
face_7040.png,5
face_7041.png,4
face_7042.png,4
face_7043.png,4
face_7044.png,4
face_7045.png,1
face_7046.png,1
face_7047.png,4
face_7048.png,1
face_7049.png,1
face_7050.png,4
face_7051.png,5
face_7052.png,2
face_7053.png,4
face_7054.png,4
face_7055.png,4
face_7056.png,4
face_7057.png,4
face_7058.png,4
face_7059.png,1
face_7060.png,1
face_7061.png,4
face_7062.png,5
face_7063.png,1
face_7064.png,1
face_7065.png,4
face_7066.png,1
face_7068.png,4
face_7069.png,5
face_7070.png,1
face_7071.png,4
face_7072.png,1
face_7073.png,4
face_7074.png,4
face_7075.png,1
face_7076.png,1
face_7077.png,4
face_7078.png,1
face_7079.png,1
face_7080.png,2
face_7081.png,4
face_7082.png,1
face_7083.png,5
face_7084.png,1
face_7085.png,4
face_7086.png,5
face_7088.png,1
face_7089.png,4
face_7090.png,4
face_7092.png,4
face_7093.png,1
face_7094.png,2
face_7095.png,4
face_7096.png,1
face_7097.png,4
face_7098.png,4
face_7100.png,1
face_7101.png,5
face_7102.png,2
face_7103.png,1
face_7104.png,4
face_7105.png,4
face_7107.png,5
face_7108.png,4
face_7109.png,1
face_7110.png,1
face_7111.png,5
face_7112.png,1
face_7113.png,4
face_7114.png,4
face_7115.png,1
face_7116.png,4
face_7117.png,4
face_7118.png,2
face_7120.png,4
face_7121.png,2
face_7122.png,4
face_7123.png,4
face_7124.png,4
face_7125.png,4
face_7126.png,4
face_7127.png,1
face_7128.png,2
face_7129.png,4
face_7130.png,2
face_7131.png,4
face_7132.png,2
face_7133.png,4
face_7134.png,1
face_7135.png,5
face_7136.png,1
face_7137.png,4
face_7138.png,1
face_7139.png,1
face_7140.png,2
face_7141.png,1
face_7142.png,1
face_7143.png,5
face_7144.png,1
face_7146.png,4
face_7148.png,1
face_7150.png,2
face_7151.png,5
face_7152.png,4
face_7153.png,1
face_7154.png,4
face_7157.png,4
face_7158.png,1
face_7159.png,2
face_7160.png,1
face_7161.png,4
face_7162.png,4
face_7163.png,2
face_7165.png,4
face_7166.png,4
face_7167.png,1
face_7168.png,4
face_7170.png,4
face_7171.png,2
face_7172.png,4
face_7173.png,1
face_7174.png,1
face_7175.png,4
face_7176.png,4
face_7177.png,4
face_7179.png,4
face_7180.png,4
face_7181.png,2
face_7182.png,4
face_7183.png,1
face_7184.png,4
face_7185.png,4
face_7186.png,1
face_7187.png,4
face_7188.png,4
face_7189.png,5
face_7190.png,1
face_7191.png,4
face_7192.png,5
face_7193.png,1
face_7195.png,5
face_7196.png,4
face_7197.png,1
face_7198.png,4
face_7200.png,1
face_7201.png,4
face_7202.png,4
face_7204.png,1
face_7205.png,4
face_7206.png,4
face_7207.png,1
face_7208.png,2
face_7209.png,1
face_7210.png,1
face_7211.png,2
face_7213.png,4
face_7214.png,1
face_7215.png,4
face_7217.png,1
face_7218.png,4
face_7219.png,4
face_7220.png,4
face_7221.png,1
face_7222.png,1
face_7223.png,5
face_7224.png,4
face_7225.png,4
face_7226.png,0
face_7227.png,1
face_7228.png,4
face_7229.png,2
face_7230.png,4
face_7231.png,2
face_7232.png,1
face_7233.png,4
face_7234.png,1
face_7235.png,4
face_7237.png,4
face_7238.png,5
face_7239.png,4
face_7240.png,2
face_7241.png,4
face_7242.png,2
face_7243.png,1
face_7244.png,4
face_7245.png,1
face_7246.png,5
face_7247.png,1
face_7248.png,5
face_7249.png,1
face_7250.png,4
face_7251.png,1
face_7252.png,4
face_7253.png,4
face_7254.png,1
face_7255.png,4
face_7256.png,1
face_7258.png,4
face_7259.png,4
face_7260.png,1
face_7261.png,4
face_7263.png,4
face_7265.png,4
face_7266.png,2
face_7267.png,4
face_7268.png,4
face_7269.png,4
face_7270.png,1
face_7271.png,4
face_7272.png,4
face_7273.png,4
face_7274.png,0
face_7276.png,2
face_7277.png,4
face_7278.png,4
face_7279.png,4
face_7280.png,1
face_7281.png,4
face_7282.png,1
face_7283.png,4
face_7284.png,2
face_7285.png,4
face_7287.png,1
face_7288.png,2
face_7289.png,4
face_7290.png,1
face_7291.png,1
face_7293.png,2
face_7294.png,4
face_7297.png,2
face_7298.png,4
face_7300.png,5
face_7301.png,4
face_7302.png,1
face_7303.png,4
face_7304.png,4
face_7305.png,4
face_7306.png,1
face_7307.png,2
face_7308.png,5
face_7309.png,1
face_7310.png,4
face_7311.png,5
face_7312.png,4
face_7313.png,1
face_7314.png,4
face_7315.png,1
face_7316.png,4
face_7317.png,4
face_7319.png,4
face_7320.png,2
face_7321.png,2
face_7322.png,1
face_7323.png,4
face_7324.png,2
face_7325.png,1
face_7326.png,4
face_7327.png,4
face_7329.png,4
face_7330.png,4
face_7331.png,4
face_7332.png,1
face_7333.png,2
face_7334.png,4
face_7335.png,2
face_7336.png,1
face_7337.png,4
face_7338.png,4
face_7339.png,4
face_7340.png,2
face_7341.png,2
face_7342.png,1
face_7343.png,4
face_7344.png,4
face_7345.png,5
face_7346.png,4
face_7347.png,4
face_7348.png,4
face_7349.png,4
face_7350.png,4
face_7351.png,2
face_7352.png,1
face_7353.png,4
face_7354.png,1
face_7355.png,1
face_7356.png,4
face_7357.png,4
face_7358.png,4
face_7359.png,4
face_7360.png,1
face_7361.png,4
face_7363.png,0
face_7364.png,4
face_7365.png,1
face_7366.png,1
face_7367.png,2
face_7369.png,1
face_7370.png,1
face_7371.png,4
face_7373.png,4
face_7374.png,5
face_7375.png,4
face_7376.png,1
face_7377.png,4
face_7378.png,1
face_7379.png,1
face_7380.png,5
face_7381.png,1
face_7382.png,4
face_7383.png,5
face_7384.png,2
face_7385.png,4
face_7386.png,4
face_7387.png,1
face_7388.png,4
face_7389.png,4
face_7390.png,4
face_7391.png,4
face_7393.png,1
face_7394.png,1
face_7396.png,4
face_7397.png,4
face_7399.png,4
face_7400.png,1
face_7402.png,4
face_7403.png,5
face_7404.png,4
face_7405.png,4
face_7406.png,4
face_7408.png,2
face_7409.png,1
face_7410.png,4
face_7411.png,4
face_7412.png,4
face_7413.png,4
face_7414.png,1
face_7415.png,4
face_7417.png,1
face_7418.png,1
face_7419.png,4
face_7420.png,4
face_7421.png,4
face_7422.png,1
face_7423.png,5
face_7425.png,4
face_7426.png,4
face_7427.png,4
face_7428.png,4
face_7429.png,4
face_7430.png,4
face_7431.png,1
face_7432.png,4
face_7434.png,5
face_7435.png,2
face_7436.png,1
face_7437.png,1
face_7438.png,2
face_7439.png,1
face_7440.png,4
face_7441.png,4
face_7442.png,4
face_7443.png,4
face_7444.png,1
face_7445.png,4
face_7446.png,0
face_7447.png,2
face_7448.png,5
face_7449.png,4
face_7450.png,1
face_7452.png,4
face_7453.png,2
face_7454.png,1
face_7455.png,4
face_7457.png,1
face_7458.png,2
face_7460.png,4
face_7462.png,4
face_7463.png,5
face_7464.png,1
face_7465.png,2
face_7466.png,1
face_7467.png,5
face_7468.png,1
face_7469.png,2
face_7470.png,2
face_7471.png,4
face_7472.png,4
face_7473.png,1
face_7474.png,1
face_7475.png,4
face_7476.png,1
face_7477.png,1
face_7478.png,1
face_7479.png,4
face_7481.png,4
face_7482.png,1
face_7484.png,4
face_7485.png,2
face_7486.png,1
face_7487.png,4
face_7488.png,1
face_7489.png,1
face_7490.png,4
face_7491.png,1
face_7493.png,4
face_7495.png,4
face_7497.png,1
face_7498.png,4
face_7499.png,1
face_7500.png,1
face_7501.png,4
face_7502.png,4
face_7503.png,4
face_7504.png,1
face_7505.png,2
face_7506.png,4
face_7507.png,4
face_7508.png,2
face_7509.png,4
face_7510.png,1
face_7511.png,4
face_7512.png,4
face_7513.png,1
face_7514.png,1
face_7515.png,4
face_7516.png,4
face_7517.png,4
face_7518.png,1
face_7519.png,4
face_7520.png,4
face_7521.png,4
face_7522.png,4
face_7523.png,5
face_7524.png,1
face_7527.png,2
face_7528.png,4
face_7529.png,4
face_7530.png,1
face_7532.png,4
face_7533.png,4
face_7534.png,5
face_7536.png,1
face_7537.png,4
face_7538.png,4
face_7539.png,4
face_7540.png,1
face_7541.png,4
face_7542.png,1
face_7543.png,4
face_7544.png,4
face_7545.png,1
face_7546.png,5
face_7547.png,4
face_7548.png,4
face_7549.png,4
face_7550.png,4
face_7551.png,1
face_7552.png,4
face_7553.png,1
face_7554.png,1
face_7555.png,4
face_7556.png,4
face_7558.png,4
face_7559.png,4
face_7560.png,4
face_7561.png,4
face_7562.png,4
face_7563.png,4
face_7564.png,2
face_7565.png,2
face_7566.png,1
face_7567.png,1
face_7568.png,2
face_7569.png,1
face_7571.png,2
face_7572.png,1
face_7573.png,1
face_7574.png,1
face_7575.png,2
face_7576.png,1
face_7577.png,4
face_7578.png,4
face_7579.png,4
face_7581.png,4
face_7582.png,1
face_7583.png,4
face_7584.png,1
face_7586.png,4
face_7587.png,4
face_7588.png,4
face_7589.png,0
face_7590.png,4
face_7591.png,1
face_7592.png,1
face_7593.png,1
face_7594.png,4
face_7595.png,4
face_7596.png,4
face_7597.png,0
face_7598.png,2
face_7599.png,4
face_7600.png,4
face_7601.png,1
face_7602.png,2
face_7603.png,4
face_7604.png,1
face_7605.png,1
face_7606.png,1
face_7607.png,4
face_7608.png,1
face_7609.png,1
face_7610.png,1
face_7611.png,2
face_7612.png,1
face_7613.png,4
face_7614.png,4
face_7615.png,4
face_7616.png,4
face_7617.png,1
face_7618.png,4
face_7619.png,1
face_7620.png,1
face_7621.png,1
face_7622.png,1
face_7623.png,5
face_7624.png,4
face_7626.png,2
face_7627.png,1
face_7628.png,1
face_7629.png,1
face_7630.png,4
face_7631.png,1
face_7632.png,4
face_7633.png,4
face_7634.png,4
face_7635.png,4
face_7636.png,1
face_7638.png,4
face_7639.png,1
face_7640.png,1
face_7641.png,4
face_7642.png,4
face_7643.png,4
face_7644.png,1
face_7645.png,4
face_7646.png,1
face_7647.png,2
face_7648.png,2
face_7649.png,2
face_7650.png,4
face_7651.png,4
face_7652.png,4
face_7653.png,4
face_7654.png,4
face_7655.png,1
face_7656.png,4
face_7657.png,1
face_7658.png,4
face_7659.png,1
face_7660.png,4
face_7661.png,5
face_7662.png,4
face_7663.png,2
face_7664.png,4
face_7665.png,4
face_7666.png,4
face_7667.png,1
face_7668.png,4
face_7669.png,4
face_7670.png,1
face_7671.png,4
face_7672.png,5
face_7673.png,4
face_7675.png,4
face_7676.png,4
face_7677.png,4
face_7678.png,4
face_7679.png,4
face_7680.png,4
face_7681.png,1
face_7682.png,4
face_7683.png,1
face_7684.png,1
face_7685.png,1
face_7686.png,2
face_7687.png,1
face_7688.png,4
face_7689.png,4
face_7690.png,4
face_7691.png,2
face_7692.png,1
face_7693.png,2
face_7694.png,1
face_7696.png,4
face_7697.png,1
face_7699.png,4
face_7700.png,4
face_7701.png,1
face_7702.png,1
face_7703.png,4
face_7704.png,2
face_7705.png,4
face_7706.png,2
face_7707.png,4
face_7708.png,4
face_7709.png,4
face_7710.png,4
face_7711.png,4
face_7712.png,4
face_7714.png,4
face_7715.png,4
face_7716.png,4
face_7717.png,4
face_7718.png,1
face_7719.png,1
face_7720.png,1
face_7722.png,4
face_7723.png,5
face_7724.png,4
face_7725.png,1
face_7726.png,4
face_7727.png,4
face_7728.png,4
face_7729.png,1
face_7730.png,4
face_7731.png,5
face_7732.png,1
face_7733.png,1
face_7734.png,1
face_7736.png,1
face_7737.png,1
face_7739.png,2
face_7740.png,1
face_7741.png,4
face_7742.png,4
face_7743.png,5
face_7744.png,1
face_7745.png,4
face_7746.png,4
face_7747.png,5
face_7748.png,4
face_7749.png,4
face_7750.png,1
face_7751.png,4
face_7752.png,2
face_7753.png,1
face_7754.png,1
face_7755.png,1
face_7756.png,4
face_7757.png,4
face_7759.png,4
face_7761.png,1
face_7762.png,1
face_7763.png,4
face_7764.png,4
